8|"Goody Products|5937 Euismod Av.|Paradise|Nevada|87482|United States
10|Ideasphere Inc.|4212 Ante Av.|Miami|FL|24103|United States
11|Nature's Way Products Inc.|917-6384 Dui, St.|New Haven|CT|14822|United States
12|"General Mills|Ap #317-9530 Et Rd.|Kansas City|Kansas|97803|United States
13|"Kraft Foods|Ap #454-7546 Risus. Av.|Columbia|MD|21547|United States
14|Gerber Products Co.|Ap #350-7189 Pellentesque Ave|Bellevue|Washington|57634|United States
15|Nature's Answer|533-522 Elit. Ave|Shreveport|Louisiana|94800|United States
16|"Goya Foods|P.O. Box 310, 5433 Ultrices. Rd.|Pocatello|Idaho|96218|United States
17|Frontier Natural Products CO-OP|Ap #997-4282 Odio. St.|Harrisburg|Pennsylvania|34297|United States
18||Ap #819-9018 Pede. Ave|Columbus|OH|42291|United States
19|Manischewitz|5558 Neque Ave|Rockford|Illinois|19600|United States
20||5082 Mauris Street|Chattanooga|TN|23488|United States
21|Kiss My Face Corp.|337 Phasellus Street|Kapolei|HI|62779|United States
22|Badia Spices Inc.|P.O. Box 418, 2575 Turpis. Avenue|Saint Paul|Minnesota|93765|United States
23|USDA Meat|403-6744 Malesuada Rd.|Davenport|Iowa|26589|United States
24|Herb Pharm LLC|P.O. Box 511, 4462 Ullamcorper. Rd.|Spokane|WA|91883|United States
26|Kenover Marketing Corp.|Ap #989-8378 Dui St.|Bowling Green|Kentucky|82689|United States
27|"Pepperidge Farm|P.O. Box 109, 2439 Non St.|Virginia Beach|VA|88759|United States
28|GE Lighting|7221 At, Rd.|Montpelier|Vermont|38435|United States
29|Natrol Inc|Ap #673-9509 Erat Avenue|Boston|MA|54623|United States
30||738-9618 Aliquet Rd.|Bridgeport|Connecticut|41825|United States
31|Del Monte Foods|9004 Interdum Rd.|Vancouver|WA|48718|United States
32|Lindt & Sprungli|953-1188 Nec, Av.|Great Falls|Montana|65179|United States
33|"Kimberly-Clark Global Sales|700-8697 Mauris Rd.|Kansas City|KS|97034|United States
34|Campbell Soup Company|Ap #494-9305 Pede, Avenue|Sacramento|California|95172|United States
35|Pharmavite LLC|Ap #822-4016 Gravida Road|Fort Worth|Texas|10787|United States
36|"Ahold USA|Ap #270-4106 Lacus, Road|Dover|Delaware|94582|United States
37|S.C. Johnson And Son|Ap #470-7555 Proin Ave|Iowa City|IA|16045|United States
38|"The Hain Celestial Group|436-4230 Pede Rd.|Topeka|KS|72680|United States
39|Hyland's|3981 Curabitur Av.|Cheyenne|WY|43401|United States
40|Colgate-Palmolive Company|9839 Augue, Ave|Lexington|Kentucky|13442|United States
41|"La Preferida|3681 Tempus, Avenue|Glendale|Arizona|85097|United States
42|L'Oreal USA|Ap #830-2027 Non Road|Casper|WY|54305|United States
43|Hoan Products Ltd.|P.O. Box 372, 5207 Curabitur Rd.|Huntsville|Alabama|36248|United States
44|Brunckhorst Co.|Ap #418-1122 Elit, Avenue|Great Falls|MT|12183|United States
45|Rainbow Light Nutritional Sys.|3972 Auctor Street|Fairbanks|Alaska|99810|United States
46|USDA Produce|P.O. Box 872, 4919 Elit Rd.|Fort Wayne|Indiana|18263|United States
47|The Hershey Company|P.O. Box 934, 1247 Non Av.|Omaha|NE|64265|United States
48|Beech-Nut Nutrition Corporation|4384 Egestas Road|Des Moines|Iowa|73835|United States
49|The Hartz Mountain Corporation|717-6149 Eu St.|Provo|UT|39885|United States
50|"Burt's Bees|6980 Arcu. St.|Bear|DE|63540|United States
51|"World Finer Foods|436-2682 Sit Ave|Minneapolis|Minnesota|44223|United States
52|Ghirardelli Chocolate Company|163-5089 Fringilla St.|Detroit|MI|59951|United States
53|Unilever Home And Personal Care USA|P.O. Box 963, 6559 Non Rd.|Las Vegas|NV|74125|United States
54|"Osem Usa|687-8425 Erat Street|Chesapeake|VA|27259|United States
55|"General Mills|466-5372 Dolor. Road|Tacoma|WA|65137|United States
56|The Caldrea Company|3391 Eleifend Road|New Orleans|Louisiana|60383|United States
57|"George Delallo Co.|7742 Amet Ave|Salem|OR|21699|United States
58|3M|P.O. Box 961, 3599 Fringilla. St.|Philadelphia|Pennsylvania|55576|United States
59|Paskesz Candy Company|2149 Vel Rd.|Des Moines|IA|62571|United States
60|"The Hain Celestial Group|2588 Enim. Rd.|Casper|WY|57242|United States
61|"UTZ Quality Foods|9012 Sem, Ave|Dover|DE|76786|United States
62|"Ahold USA|982-6370 Tortor. Ave|Essex|VT|70889|United States
63|Jelly Belly Candy Company|P.O. Box 971, 2130 Tincidunt St.|Madison|WI|72971|United States
64|Dole Fresh Vegetables|9397 Ornare Street|Kearney|Nebraska|34410|United States
65|The Quaker Oats Company|4420 Semper. St.|Laramie|WY|72813|United States
66|"The Hain Celestial Group|P.O. Box 337, 6864 Magna. St.|Frederick|Maryland|30176|United States
67|Unilever Home And Personal Care USA|P.O. Box 593, 5281 Facilisis Av.|Honolulu|Hawaii|98689|United States
68|"Nature's Bounty|Ap #606-8837 Sagittis St.|Aurora|Illinois|89430|United States
69|Amy's Kitchen Inc.|Ap #551-5620 Dignissim Rd.|Carson City|NV|70151|United States
70|Procter & Gamble Company|360-9359 Purus Avenue|Olympia|WA|56237|United States
71|"General Mills|7550 Nam St.|Louisville|KY|56538|United States
72|Procter & Gamble Company|P.O. Box 875, 8631 Faucibus. Road|Boston|Massachusetts|74045|United States
73|Boiron Inc.|P.O. Box 750, 4303 Aliquet. Road|Sandy|UT|28004|United States
74|Desert Essence|P.O. Box 157, 7592 Ultrices Av.|Kenosha|Wisconsin|68469|United States
75||Ap #928-5142 Ultrices. St.|Cedar Rapids|Iowa|21753|United States
76|Seventh Generation|354-2118 Convallis Ave|Lincoln|Nebraska|65174|United States
77|"Yoplait USA|1986 Velit Avenue|West Valley City|UT|96490|United States
78|Herr Foods Inc.|2890 Sagittis St.|Huntsville|Alabama|35474|United States
79|Reckitt Benckiser|P.O. Box 793, 5135 Massa. St.|Shreveport|LA|87080|United States
80||Ap #817-2894 Quam. St.|Wyoming|Wyoming|13990|United States
81|"Church & Dwight Co.|P.O. Box 871, 7061 Nunc St.|Sterling Heights|MI|91316|United States
82|Revlon Consumer Products Corp.|314-6100 Justo Av.|Olathe|Kansas|48312|United States
83|"The Hain Celestial Group|585-1878 Sed, Street|Evansville|Indiana|84278|United States
84|"Kraft Foods|4155 Elementum, Road|Erie|PA|18831|United States
85|"Kraft Foods|496 Ligula. Ave|Hattiesburg|MS|60940|United States
86|Frontier Natural Products CO-OP|6687 Luctus Road|Saint Paul|Minnesota|58695|United States
87|Hodgson Mill Inc.|P.O. Box 925, 3891 Lacus. St.|Austin|Texas|59835|United States
88|Johnson & Johnson|P.O. Box 971, 6835 Ipsum St.|Bear|DE|60492|United States
89|The Gatorade Company|423-3845 Elementum Avenue|Kenosha|WI|75025|United States
90|Nestle USA Inc.|P.O. Box 220, 3511 Bibendum. St.|Akron|OH|68151|United States
91|Lundberg Family Farms|1345 Quis St.|Reno|NV|68406|United States
92|Newell Rubbermaid|P.O. Box 130, 3746 Nec St.|Wyoming|WY|39920|United States
93|Lipton|6897 Cursus, St.|Frederick|MD|75639|United States
94|"Ahold USA|P.O. Box 450, 7606 Vitae Rd.|Cleveland|Ohio|99322|United States
95|Kellogg Company|P.O. Box 310, 6508 Cursus. St.|Ketchikan|AK|99719|United States
96|"Godiva Chocolatier|5597 Nam Road|Sacramento|California|96354|United States
97|Kellogg Company|P.O. Box 488, 9109 Vel, Avenue|Allentown|PA|44257|United States
98|"R.C. Bigelow|370-8827 Suspendisse Ave|St. Petersburg|Florida|99080|United States
99|Back To Nature Foods Company|554-7729 Aliquam St.|Salem|Oregon|12976|United States
100|Kashi International Corporation|Ap #437-7123 Ultricies Street|Chandler|AZ|86357|United States
101|Nature's Gate|Ap #579-4723 Nec, Avenue|Knoxville|TN|10135|United States
102|Turkey Hill Dairy|Ap #799-2352 Orci, Av.|Frankfort|Kentucky|11214|United States
103|The Libman Company|4764 Neque. St.|Georgia|Georgia|92648|United States
104||4038 Euismod Rd.|Phoenix|Arizona|86852|United States
105|"Ocean Spray Cranberries|450-5251 Phasellus Rd.|Orlando|FL|23191|United States
106||P.O. Box 302, 6417 Nulla Av.|Fort Collins|CO|67671|United States
107|Unilever Bestfoods North America|691-6490 Fringilla, Street|Montgomery|AL|35326|United States
108|Derma E|9327 Arcu. Av.|Norman|OK|32151|United States
109|Hormel Foods Corporation|Ap #519-2502 Fringilla. Rd.|Independence|Missouri|48244|United States
